ite,type,start,end
0,cmd,1647940056.4132724,1647940085.872137
ite,type,start,end
0,cmd,1647940144.1096177,1647940175.5264738
0,idlw,1647940175.5268502,1647940205.5554
1,cmd,1647940205.5556898,1647940235.0143719
1,idlw,1647940235.014758,1647940265.0448124
2,cmd,1647940265.0451112,1647940296.5265179
